attack,model,filter,epsilon,pipeline,original_n,unique_n,original_accuracy,unique_accuracy,delta_percentage_points
bim,cnn,gaussian,0.0,clean,781,775,0.645326504481434,0.6451612903225806,-0.016521415885339952
bim,cnn,gaussian,0.0,defended_clean,781,775,0.5697823303457106,0.5716129032258065,0.18305728800959153
bim,cnn,gaussian,0.0,attacked,781,775,0.645326504481434,0.6451612903225806,-0.016521415885339952
bim,cnn,gaussian,0.0,transfer_defended,781,775,0.5697823303457106,0.5716129032258065,0.18305728800959153
bim,cnn,gaussian,0.0,adaptive_defended,781,775,0.5697823303457106,0.5716129032258065,0.18305728800959153
bim,cnn,gaussian,0.01,clean,781,775,0.645326504481434,0.6451612903225806,-0.016521415885339952
bim,cnn,gaussian,0.01,defended_clean,781,775,0.5697823303457106,0.5716129032258065,0.18305728800959153
bim,cnn,gaussian,0.01,attacked,781,775,0.2765685019206146,0.27741935483870966,0.08508529180950575
bim,cnn,gaussian,0.01,transfer_defended,781,775,0.4878361075544174,0.49032258064516127,0.2486473090743846
bim,cnn,gaussian,0.01,adaptive_defended,781,775,0.24199743918053776,0.24387096774193548,0.18735285613977193
bim,cnn,gaussian,0.03,clean,781,775,0.645326504481434,0.6451612903225806,-0.016521415885339952
bim,cnn,gaussian,0.03,defended_clean,781,775,0.5697823303457106,0.5716129032258065,0.18305728800959153
bim,cnn,gaussian,0.03,attacked,781,775,0.10371318822023047,0.10451612903225807,0.08029408120275999
bim,cnn,gaussian,0.03,transfer_defended,781,775,0.33290653008962867,0.33548387096774196,0.2577340878113288
bim,cnn,gaussian,0.03,adaptive_defended,781,775,0.056338028169014086,0.0567741935483871,0.04361653793730144
bim,cnn,gaussian,0.05,clean,781,775,0.645326504481434,0.6451612903225806,-0.016521415885339952
bim,cnn,gaussian,0.05,defended_clean,781,775,0.5697823303457106,0.5716129032258065,0.18305728800959153
bim,cnn,gaussian,0.05,attacked,781,775,0.0973111395646607,0.09806451612903226,0.07533765643715634
bim,cnn,gaussian,0.05,transfer_defended,781,775,0.26504481434058896,0.2670967741935484,0.20519598529594174
bim,cnn,gaussian,0.05,adaptive_defended,781,775,0.046094750320102434,0.04645161290322581,0.03568625831233754
bim,cnn,mean,0.0,clean,781,775,0.645326504481434,0.6451612903225806,-0.016521415885339952
bim,cnn,mean,0.0,defended_clean,781,775,0.5364916773367477,0.5393548387096774,0.28631613729296346
bim,cnn,mean,0.0,attacked,781,775,0.645326504481434,0.6451612903225806,-0.016521415885339952
bim,cnn,mean,0.0,transfer_defended,781,775,0.5364916773367477,0.5393548387096774,0.28631613729296346
bim,cnn,mean,0.0,adaptive_defended,781,775,0.5364916773367477,0.5393548387096774,0.28631613729296346
bim,cnn,mean,0.01,clean,781,775,0.645326504481434,0.6451612903225806,-0.016521415885339952
bim,cnn,mean,0.01,defended_clean,781,775,0.5364916773367477,0.5393548387096774,0.28631613729296346
bim,cnn,mean,0.01,attacked,781,775,0.2765685019206146,0.27741935483870966,0.08508529180950575
bim,cnn,mean,0.01,transfer_defended,781,775,0.4814340588988476,0.4838709677419355,0.24369088430878927
bim,cnn,mean,0.01,adaptive_defended,781,775,0.22919334186939821,0.23096774193548386,0.17744000660856463
bim,cnn,mean,0.03,clean,781,775,0.645326504481434,0.6451612903225806,-0.016521415885339952
bim,cnn,mean,0.03,defended_clean,781,775,0.5364916773367477,0.5393548387096774,0.28631613729296346
bim,cnn,mean,0.03,attacked,781,775,0.10371318822023047,0.10451612903225807,0.08029408120275999
bim,cnn,mean,0.03,transfer_defended,781,775,0.37772087067861715,0.38064516129032255,0.29242906117054046
bim,cnn,mean,0.03,adaptive_defended,781,775,0.04481434058898848,0.04516129032258064,0.034694973359216535
bim,cnn,mean,0.05,clean,781,775,0.645326504481434,0.6451612903225806,-0.016521415885339952
bim,cnn,mean,0.05,defended_clean,781,775,0.5364916773367477,0.5393548387096774,0.28631613729296346
bim,cnn,mean,0.05,attacked,781,775,0.0973111395646607,0.09806451612903226,0.07533765643715634
bim,cnn,mean,0.05,transfer_defended,781,775,0.31882202304737517,0.32129032258064516,0.24682995332699909
bim,cnn,mean,0.05,adaptive_defended,781,775,0.03329065300896287,0.03354838709677419,0.025773408781132323
bim,mobilenet,gaussian,0.0,clean,781,775,0.7848911651728553,0.7832258064516129,-0.16653587212424048
bim,mobilenet,gaussian,0.0,defended_clean,781,775,0.8297055057618438,0.8283870967741935,-0.13184089876502325
bim,mobilenet,gaussian,0.0,attacked,781,775,0.7848911651728553,0.7832258064516129,-0.16653587212424048
bim,mobilenet,gaussian,0.0,transfer_defended,781,775,0.8297055057618438,0.8283870967741935,-0.13184089876502325
bim,mobilenet,gaussian,0.0,adaptive_defended,781,775,0.8297055057618438,0.8283870967741935,-0.13184089876502325
pgd,cnn,gaussian,0.0,clean,781,775,0.645326504481434,0.6451612903225806,-0.016521415885339952
pgd,cnn,gaussian,0.0,defended_clean,781,775,0.5697823303457106,0.5716129032258065,0.18305728800959153
pgd,cnn,gaussian,0.0,attacked,781,775,0.645326504481434,0.6451612903225806,-0.016521415885339952
pgd,cnn,gaussian,0.0,transfer_defended,781,775,0.5697823303457106,0.5716129032258065,0.18305728800959153
pgd,cnn,gaussian,0.0,adaptive_defended,781,775,0.5697823303457106,0.5716129032258065,0.18305728800959153
