model,filter,epsilon,pipeline,samples,accuracy,asr,asr_successes,asr_denominator,common_clean_asr,common_clean_denominator,filter_harm_rate,filter_recovery_rate,net_clean_accuracy_change
cnn,gaussian,0.0,clean,781,0.645326504481434,,,,,,,,
cnn,gaussian,0.0,defended_clean,781,0.5697823303457106,,,,,,0.22817460317460317,0.20216606498194944,-0.07554417413572344
cnn,gaussian,0.0,attacked,781,0.645326504481434,0.0,0,504,0.0,389,,,
cnn,gaussian,0.0,transfer_defended,781,0.5697823303457106,0.0,0,445,0.0,389,,,
cnn,gaussian,0.0,adaptive_defended,781,0.5697823303457106,0.0,0,445,0.0,389,,,
cnn,gaussian,0.01,clean,781,0.645326504481434,,,,,,,,
cnn,gaussian,0.01,defended_clean,781,0.5697823303457106,,,,,,0.22817460317460317,0.20216606498194944,-0.07554417413572344
cnn,gaussian,0.01,attacked,781,0.27784891165172854,0.5694444444444444,287,504,0.4781491002570694,389,,,
cnn,gaussian,0.01,transfer_defended,781,0.48911651728553135,0.14157303370786517,63,445,0.14395886889460155,389,,,
cnn,gaussian,0.01,adaptive_defended,781,0.24199743918053776,0.5752808988764045,256,445,0.5604113110539846,389,,,
cnn,gaussian,0.03,clean,781,0.645326504481434,,,,,,,,
cnn,gaussian,0.03,defended_clean,781,0.5697823303457106,,,,,,0.22817460317460317,0.20216606498194944,-0.07554417413572344
cnn,gaussian,0.03,attacked,781,0.10371318822023047,0.8392857142857143,423,504,0.7969151670951157,389,,,
cnn,gaussian,0.03,transfer_defended,781,0.32778489116517284,0.4247191011235955,189,445,0.4473007712082262,389,,,
cnn,gaussian,0.03,adaptive_defended,781,0.056338028169014086,0.9011235955056179,401,445,0.8894601542416453,389,,,
cnn,gaussian,0.05,clean,781,0.645326504481434,,,,,,,,
cnn,gaussian,0.05,defended_clean,781,0.5697823303457106,,,,,,0.22817460317460317,0.20216606498194944,-0.07554417413572344
cnn,gaussian,0.05,attacked,781,0.0973111395646607,0.8492063492063492,428,504,0.8097686375321337,389,,,
cnn,gaussian,0.05,transfer_defended,781,0.26504481434058896,0.5370786516853933,239,445,0.5552699228791774,389,,,
cnn,gaussian,0.05,adaptive_defended,781,0.046094750320102434,0.9191011235955057,409,445,0.9074550128534704,389,,,
cnn,mean,0.0,clean,781,0.645326504481434,,,,,,,,
cnn,mean,0.0,defended_clean,781,0.5364916773367477,,,,,,0.2837301587301587,0.20938628158844766,-0.1088348271446863
cnn,mean,0.0,attacked,781,0.645326504481434,0.0,0,504,0.0,361,,,
cnn,mean,0.0,transfer_defended,781,0.5364916773367477,0.0,0,419,0.0,361,,,
cnn,mean,0.0,adaptive_defended,781,0.5364916773367477,0.0,0,419,0.0,361,,,
cnn,mean,0.01,clean,781,0.645326504481434,,,,,,,,
cnn,mean,0.01,defended_clean,781,0.5364916773367477,,,,,,0.2837301587301587,0.20938628158844766,-0.1088348271446863
cnn,mean,0.01,attacked,781,0.27784891165172854,0.5694444444444444,287,504,0.45706371191135736,361,,,
cnn,mean,0.01,transfer_defended,781,0.4801536491677337,0.10501193317422435,44,419,0.09695290858725762,361,,,
cnn,mean,0.01,adaptive_defended,781,0.22791293213828426,0.5751789976133651,241,419,0.5595567867036011,361,,,
cnn,mean,0.03,clean,781,0.645326504481434,,,,,,,,
cnn,mean,0.03,defended_clean,781,0.5364916773367477,,,,,,0.2837301587301587,0.20938628158844766,-0.1088348271446863
cnn,mean,0.03,attacked,781,0.10371318822023047,0.8392857142857143,423,504,0.7811634349030471,361,,,
cnn,mean,0.03,transfer_defended,781,0.3738796414852753,0.3031026252983294,127,419,0.31024930747922436,361,,,
cnn,mean,0.03,adaptive_defended,781,0.046094750320102434,0.9140811455847255,383,419,0.9030470914127424,361,,,
cnn,mean,0.05,clean,781,0.645326504481434,,,,,,,,
cnn,mean,0.05,defended_clean,781,0.5364916773367477,,,,,,0.2837301587301587,0.20938628158844766,-0.1088348271446863
cnn,mean,0.05,attacked,781,0.0973111395646607,0.8492063492063492,428,504,0.7950138504155124,361,,,
cnn,mean,0.05,transfer_defended,781,0.3175416133162612,0.4081145584725537,171,419,0.42105263157894735,361,,,
cnn,mean,0.05,adaptive_defended,781,0.03329065300896287,0.9379474940334129,393,419,0.9279778393351801,361,,,
mobilenet,gaussian,0.0,clean,781,0.7848911651728553,,,,,,,,
mobilenet,gaussian,0.0,defended_clean,781,0.8297055057618438,,,,,,0.05872756933115824,0.4226190476190476,0.04481434058898848
mobilenet,gaussian,0.0,attacked,781,0.7848911651728553,0.0,0,613,0.0,577,,,
mobilenet,gaussian,0.0,transfer_defended,781,0.8297055057618438,0.0,0,648,0.0,577,,,
mobilenet,gaussian,0.0,adaptive_defended,781,0.8297055057618438,0.0,0,648,0.0,577,,,
mobilenet,gaussian,0.01,clean,781,0.7848911651728553,,,,,,,,
mobilenet,gaussian,0.01,defended_clean,781,0.8297055057618438,,,,,,0.05872756933115824,0.4226190476190476,0.04481434058898848
mobilenet,gaussian,0.01,attacked,781,0.0,1.0,613,613,1.0,577,,,
mobilenet,gaussian,0.01,transfer_defended,781,0.37772087067861715,0.5447530864197531,353,648,0.5025996533795494,577,,,
mobilenet,gaussian,0.01,adaptive_defended,781,0.0,1.0,648,648,1.0,577,,,
mobilenet,gaussian,0.03,clean,781,0.7848911651728553,,,,,,,,
mobilenet,gaussian,0.03,defended_clean,781,0.8297055057618438,,,,,,0.05872756933115824,0.4226190476190476,0.04481434058898848
mobilenet,gaussian,0.03,attacked,781,0.0,1.0,613,613,1.0,577,,,
mobilenet,gaussian,0.03,transfer_defended,781,0.05377720870678617,0.9351851851851852,606,648,0.9272097053726169,577,,,
mobilenet,gaussian,0.03,adaptive_defended,781,0.0,1.0,648,648,1.0,577,,,
mobilenet,gaussian,0.05,clean,781,0.7848911651728553,,,,,,,,
mobilenet,gaussian,0.05,defended_clean,781,0.8297055057618438,,,,,,0.05872756933115824,0.4226190476190476,0.04481434058898848
mobilenet,gaussian,0.05,attacked,781,0.0,1.0,613,613,1.0,577,,,
mobilenet,gaussian,0.05,transfer_defended,781,0.03713188220230474,0.9552469135802469,619,648,0.949740034662045,577,,,
mobilenet,gaussian,0.05,adaptive_defended,781,0.0,1.0,648,648,1.0,577,,,
mobilenet,mean,0.0,clean,781,0.7848911651728553,,,,,,,,
mobilenet,mean,0.0,defended_clean,781,0.7964148527528809,,,,,,0.06199021207177814,0.27976190476190477,0.011523687580025609
mobilenet,mean,0.0,attacked,781,0.7848911651728553,0.0,0,613,0.0,575,,,
mobilenet,mean,0.0,transfer_defended,781,0.7964148527528809,0.0,0,622,0.0,575,,,
mobilenet,mean,0.0,adaptive_defended,781,0.7964148527528809,0.0,0,622,0.0,575,,,
mobilenet,mean,0.01,clean,781,0.7848911651728553,,,,,,,,
mobilenet,mean,0.01,defended_clean,781,0.7964148527528809,,,,,,0.06199021207177814,0.27976190476190477,0.011523687580025609
mobilenet,mean,0.01,attacked,781,0.0,1.0,613,613,1.0,575,,,
mobilenet,mean,0.01,transfer_defended,781,0.5416133162612036,0.319935691318328,199,622,0.2782608695652174,575,,,
mobilenet,mean,0.01,adaptive_defended,781,0.0,1.0,622,622,1.0,575,,,
mobilenet,mean,0.03,clean,781,0.7848911651728553,,,,,,,,
mobilenet,mean,0.03,defended_clean,781,0.7964148527528809,,,,,,0.06199021207177814,0.27976190476190477,0.011523687580025609
mobilenet,mean,0.03,attacked,781,0.0,1.0,613,613,1.0,575,,,
mobilenet,mean,0.03,transfer_defended,781,0.19334186939820744,0.7572347266881029,471,622,0.7408695652173913,575,,,
mobilenet,mean,0.03,adaptive_defended,781,0.0,1.0,622,622,1.0,575,,,
mobilenet,mean,0.05,clean,781,0.7848911651728553,,,,,,,,
mobilenet,mean,0.05,defended_clean,781,0.7964148527528809,,,,,,0.06199021207177814,0.27976190476190477,0.011523687580025609
mobilenet,mean,0.05,attacked,781,0.0,1.0,613,613,1.0,575,,,
mobilenet,mean,0.05,transfer_defended,781,0.1613316261203585,0.797427652733119,496,622,0.782608695652174,575,,,
mobilenet,mean,0.05,adaptive_defended,781,0.0,1.0,622,622,1.0,575,,,
