relative_path,image_sha256,true_index,clean_pred,attacked_pred,queries,linf,final_margin
Aircraft Carrier/Aircraft Carrier_1.jpeg,534c15cdc91881132c991df827ecb25eae3e69ac054c6f3021a3fb79176f1a87,0,5,5,1,0.0,-0.5817025005817413
Aircraft Carrier/Aircraft Carrier_10.jpeg,29b007a760e443e84f1b51410a9fa8395f1af91a7950c922e59d60300957a891,0,0,0,200,0.030000001192092896,0.9862835784442723
Bulkers/Bulkers_1.jpeg,43f486200ba565497a4c2acef43de95ba8c461f64c4dae889042b47a8de8c3ba,1,1,1,200,0.030000001192092896,0.9996919296245323
Bulkers/Bulkers_10.jpeg,4341d2579e6f6eb66d532f632d556223ef68739fdf3cfbc4a6d2a60b22377749,1,1,8,12,0.030000001192092896,-0.005381226539611816
Car Carrier/Car Carrier_1.jpeg,e67c54d7799490044a61afd6203a685fde7e79a39efbd6848188c7dbab5ccd86,2,2,2,200,0.030000001192092896,0.9567683693021536
Car Carrier/Car Carrier_10.jpeg,3f1a2ebbc78b910429af156e1431bd048084880702a727e9838b52953627427c,2,2,2,200,0.030000001192092896,0.9999999401859682
Container Ship/Container Ship_1.jpeg,e1e2b4aa38a9a36364ede5e356c54df231a0d4346f30766462421b167201087f,3,3,3,200,0.030000001192092896,0.999983942471772
Container Ship/Container Ship_10.jpeg,eebeea85c7524f1442ff9133474d2f4f496ae9a785e53f70127e4683e87951a4,3,3,3,200,0.030000001192092896,0.9999999403944471
Cruise/Cruise_1.jpeg,f2f1de669cf2763cece4e2ba77cf423448d64e27d355c93f0abf0a8fe0b6249e,4,4,4,200,0.030000001192092896,0.9999999403953537
Cruise/Cruise_10.jpeg,a4a7b7b3ca3c21b2edd865d306878fb796041ddb336a0886f9e570e2630799b9,4,4,4,200,0.030000001192092896,0.9999985502637969
DDG/DDG_1.jpeg,de039847424f326c1930eec0ad4ef856e845a39b1dc869bc511f60840498838c,5,5,5,200,0.030000001192092896,0.969392673112452
DDG/DDG_10.jpeg,e48ef006b2a77ce3445f690da4131fac59af873d94e03cc91132695b972c71c7,5,5,6,22,0.030000001192092896,-0.0029574036598205566
Recreational/Recreational_1.jpeg,999b45e41b3d53a3a9bc63d010fe854e6dd1470319cab237f0ba98ea05346e3b,6,6,9,35,0.030000001192092896,-0.0019149184226989746
Recreational/Recreational_10.jpeg,8a5220b010656b67357bce095952080a8d615cf37c3d2851eeb9f379e1c53e6e,6,6,3,36,0.030000001192092896,-0.007668226957321167
Sailboat/Sailboat_1.jpeg,2e374a91db0aca339a22787f58b71cf19d02b6b74d512304fd93f17a519afb2d,7,9,9,1,0.0,-0.4877416379749775
Sailboat/Sailboat_10.jpeg,ff92b3058322544aedb12a9bc676813eeaf7ab7e7860d9f0785e891aa1e02744,7,8,8,1,0.0,-0.5659168213605881
Submarine/Submarine_1.jpeg,86408fe835186b17d6bed015ffecfd1a6452810265b75a5cb82bedf4e6691288,8,6,6,1,0.0,-0.4790152683854103
Submarine/Submarine_10.jpeg,5e748b0bb5a5591b3b6ce42668d626dad84eaa460f2c088bf302f2ef584367a9,8,8,8,200,0.030000001192092896,0.9874192387796938
Tug/Tug_1.jpeg,71ad546124372a5c672ef0a4894ad00bd0212150b3699f12c72d4b12e8d1e146,9,9,9,200,0.030000001192092896,0.9935678613837808
Tug/Tug_10.jpeg,a75377c0ed50419dbc8238cbaa487649e41ff39d8683b2d8524bc4d9e848fb9f,9,9,9,200,0.030000001192092896,0.9936896469444036
